Nome Completo,Data de Nascimento
Ana Beatriz Moura,1994-12-03
Ricardo Almeida Santos,1988-12-10
Mariana Costa Ribeiro,1999-12-15
Felipe Andrade Torres,1991-12-22
Juliana Mendes Carvalho,1987-12-28
Paulo Henrique Soares,1993-01-02
Lorena Azevedo Martins,2000-01-05
Thiago Fernandes Prado,1995-01-12
Camila Duarte Pires,1998-01-20
Gustavo Nogueira Ramos,1986-01-27
Luiza Barbosa Tavares,1997-02-01
Rafael Gonçalves Freitas,1992-02-04
Bruna Araújo Bastos,1989-02-09
Leonardo Farias Monteiro,1996-02-14
Sofia Martins Queiroz,1998-02-18
Diego Alves Corrêa,1990-02-20
Manuela Cardoso Lemos,2001-02-22
Henrique Pires Amaral,1985-02-25
Eduarda Silveira Nunes,1999-02-27
Marcelo Antunes Braga,1984-02-29
